Elementary Schools,2013 growth,2012 base,,growth,,,,,,,,source
  Academia Moderna,768,802,,-34,,,,,,,,http://www.cde.ca.gov/ta/ac/ap/glossary13f.asp#gf7
  Academy for Enriched Sciences,952,963*,,-11,,,,,,,,
  Accelerated,774,767,,7,,,,,,,,
  Accelerated Elementary Charter,745,760*,,-15,,,,,,,,
  Albion Street Elementary,814,830,,-16,,,,,,,,
  Aldama Elementary,773,760,,13,,,,,,,,
  Alexandria Avenue Elementary,744,729,,15,,,,,,,,
  Allesandro Elementary,840,831,,9,,,,,,,,
  Alta California Elementary,674,688,,-14,,,,,,,,
  Alta Loma Elementary,763,790,,-27,,,,,,,,
  Ambassador School of Global Education,729,741,,-12,,,,,,,,
  Ambler Avenue Elementary,794,835,,-41,,,,,,,,
  Amestoy Elementary,825,840,,-15,,,,,,,,
  Anatola Avenue Elementary,825,792,,33,,,,,,,,
  Andasol Avenue Elementary,863,849,,14,,,,,,,,
  Andres and Maria Cardenas Elementary,675,703,,-28,,,,,,,,
  Angeles Mesa Elementary,706,684,,22,,,,,,,,
  Annalee Avenue Elementary,724,763,,-39,,,,,,,,
  Annandale Elementary,804,814,,-10,,,,,,,,
  Apperson Street Elementary,875,901,,-26,,,,,,,,
  Apple Academy Charter Public,708,B,,B,,,,,,,,
  Aragon Avenue Elementary,757,774,,-17,,,,,,,,
  Ararat Charter,877,878,,-1,,,,,,,,
  Arlington Heights Elementary,739,762,,-23,,,,,,,,
  Arminta Street Elementary,756,802,,-46,,,,,,,,
  Arroyo Seco Museum Science,889,873,,16,,,,,,,,
  Arts In Action Community Charter,708,647*,,61,,,,,,,,
  Ascot Avenue Elementary,747,768,,-21,,,,,,,,
  Aspire Antonio Maria Lugo Academy,835,821,,14,,,,,,,,
  Aspire Firestone Academy,860,835,,25,,,,,,,,
  Aspire Gateway Academy,844,838,,6,,,,,,,,
  Aspire Huntington Park Charter,826,854,,-28,,,,,,,,
  Aspire Inskeep Academy Charter,776,773,,3,,,,,,,,
  Aspire Juanita Tate Academy Charter,752,748,,4,,,,,,,,
  Aspire Slauson Academy Charter,783,757,,26,,,,,,,,
  Atwater Avenue Elementary,781,808,,-27,,,,,,,,
  Aurora Elementary,763,818,,-55,,,,,,,,
  Avalon Gardens Elementary,814,800,,14,,,,,,,,
  Balboa Gifted/High Ability Magnet Elemen,981,984,,-3,,,,,,,,
  Baldwin Hills Elementary,863,869,,-6,,,,,,,,
  Bandini Street Elementary,808,828,,-20,,,,,,,,
  Barton Hill Elementary,763,779,,-16,,,,,,,,
  Bassett Street Elementary,780,785,,-5,,,,,,,,
  Beachy Avenue Elementary,750,752,,-2,,,,,,,,
  Beckford Charter for Enriched Studies,933,924,,9,,,,,,,,
  Beethoven Street Elementary,890,901,,-11,,,,,,,,
  Bellingham Elementary,733,B,,B,,,,,,,,
  Belvedere Elementary,713,732,,-19,,,,,,,,
  Bertrand Avenue Elementary,825,840,,-15,,,,,,,,
  Betty Plasencia Elementary,786,788,,-2,,,,,,,,
  Birdielee V. Bright Elementary,778,808,,-30,,,,,,,,
  Blythe Street Elementary,738,739,,-1,,,,,,,,
  Bonita Street Elementary,808,801,,7,,,,,,,,
  Braddock Drive Elementary,860,839,,21,,,,,,,,
  Brainard Elementary,752,754,,-2,,,,,,,,
  Breed Street Elementary,738,752,,-14,,,,,,,,
  Brentwood Science,839,850,,-11,,,,,,,,
  Bridge Street Elementary,684,716,,-32,,,,,,,,
  Broad Avenue Elementary,790,798,,-8,,,,,,,,
  Broadacres Avenue Elementary,783,786,,-3,,,,,,,,
  Broadway Elementary,883,884,,-1,,,,,,,,
  Brockton Avenue Elementary,776,795,,-19,,,,,,,,
  Brooklyn Avenue Elementary,831,814,,17,,,,,,,,
  Bryson Avenue Elementary,850,850,,0,,,,,,,,
  Buchanan Street Elementary,758,781,,-23,,,,,,,,
  Budlong Avenue Elementary,725,755,,-30,,,,,,,,
  Burbank Boulevard Elementary,874,856,,18,,,,,,,,
  Burton Street Elementary,807,813,,-6,,,,,,,,
  Bushnell Way Elementary,738,706,,32,,,,,,,,
  Cabrillo Avenue Elementary,765,780,,-15,,,,,,,,
  Cahuenga Elementary,858,873,,-15,,,,,,,,
  Calabash Charter Academy,888,877,,11,,,,,,,,
  Calahan Street Elementary,830,861,,-31,,,,,,,,
  Calvert Street Elementary,804,808,,-4,,,,,,,,
  Camellia Avenue Elementary,747,721,,26,,,,,,,,
  Camino Nuevo Academy #2,866,855,,11,,,,,,,,
  Camino Nuevo Charter Academy,821,824,,-3,,,,,,,,
  Camino Nuevo Charter Academy No. 4,775,790,,-15,,,,,,,,
  Camino Nuevo Elementary No. 3,764,779,,-15,,,,,,,,
  Canfield Avenue Elementary,893,898,,-5,,,,,,,,
  Canoga Park Elementary,752,759,,-7,,,,,,,,
  Cantara Street Elementary,809,828,,-19,,,,,,,,
  Canterbury Avenue Elementary,800,807,,-7,,,,,,,,
  Canyon Elementary,978,971,,7,,,,,,,,
  Capistrano Avenue Elementary,861,B,,B,,,,,,,,
  Carlos Santana Arts Academy,667,657,,10,,,,,,,,
  Caroldale Learning Community,835,840,,-5,,,,,,,,
  Carpenter Community Charter,943,942,,1,,,,,,,,
  Carson Street Elementary,854,849,,5,,,,,,,,
  Carson-Gore Academy of Enviornmental Stu,728,755,,-27,,,,,,,,
  Carthay Center Elementary,780,815,,-35,,,,,,,,
  Castelar Street Elementary,874,852,,22,,,,,,,,
  Castle Heights Elementary,899,896,,3,,,,,,,,
  Castlebay Lane Charter,939,952,,-13,,,,,,,,
  Catskill Avenue Elementary,827,778,,49,,,,,,,,
  Celerity Dyad Charter,871,888,,-17,,,,,,,,
  Celerity Nascent Charter,910,891,,19,,,,,,,,
  Celerity Octavia Charter,903,895,,8,,,,,,,,
  Celerity Palmati Charter,895,866,,29,,,,,,,,
  Celerity Troika Charter,947,966,,-19,,,,,,,,
  Center for Advanced Learning,830,816,,14,,,,,,,,
  Central Region Elementary #21,740,B,,B,,,,,,,,
  Century Park Elementary,769,790,,-21,,,,,,,,
  Cesar Chavez Elementary,744,761,,-17,,,,,,,,
  Chandler Elementary,850,873,,-23,,,,,,,,
  Chapman Elementary,877,877,,0,,,,,,,,
  Charles H. Kim Elementary,885,874,,11,,,,,,,,
  Charles W. Barrett Elementary,711,732,,-21,,,,,,,,
  Charles White Elementary,769,835,,-66,,,,,,,,
  Charnock Road Elementary,808,796,,12,,,,,,,,
  Chase Street Elementary,742,780,,-38,,,,,,,,
  Chatsworth Park Elementary,826,858,,-32,,,,,,,,
  Cheremoya Avenue Elementary,846,844,,2,,,,,,,,
  CHIME Institute's Schwarzenegger Communi,833,852,,-19,,,,,,,,
  Christopher Dena Elementary,734,726,,8,,,,,,,,
  Cienega Elementary,794,768,,26,,,,,,,,
  Cimarron Avenue Elementary,804,770,,34,,,,,,,,
  Citizens of the World Charter,912,928*,,-16,,,,,,,,
  City Charter Middle,863,B,,B,,,,,,,,
  City Terrace Elementary,826,800,,26,,,,,,,,
  CLAS Affirmation,745,730,,15,,,,,,,,
  Clifford Street Elementary,861,844,,17,,,,,,,,
  Clover Avenue Elementary,953,957,,-4,,,,,,,,
  Coeur D'Alene Avenue Elementary,912,926,,-14,,,,,,,,
  Cohasset Street Elementary,773,792,,-19,,,,,,,,
  Coldwater Canyon Elementary,825,846,,-21,,,,,,,,
  Colfax Charter Elementary,933,928,,5,,,,,,,,
  Coliseum Street Elementary,655,704,,-49,,,,,,,,
  Columbus Avenue,767,776,,-9,,,,,,,,
  Commonwealth Avenue Elementary,858,848,,10,,,,,,,,
  Community Magnet Charter Elementary,962,962,,0,,,,,,,,
  Compton Avenue Elementary,714,753,,-39,,,,,,,,
  Corona Avenue Elementary,749,754,,-5,,,,,,,,
  Cowan Avenue Elementary,829,840,,-11,,,,,,,,
  Crescent Heights Boulevard Elementary,833,822,,11,,,,,,,,
  Crestwood Street Elementary,840,840,,0,,,,,,,,
  Dahlia Heights Elementary,849,859,,-10,,,,,,,,
"  Danny J. Bakewell, Sr., Primary Center",,,,,,,,,,,,
  Danube Avenue Elementary,847,860,,-13,,,,,,,,
  Darby Avenue Elementary,880,901,,-21,,,,,,,,
  Dayton Heights Elementary,790,824,,-34,,,,,,,,
  Dearborn Elementary Charter Academy,856,842,,14,,,,,,,,
  Del Amo Elementary,818,807,,11,,,,,,,,
  Delevan Drive Elementary,916,900,,16,,,,,,,,
  Denker Avenue Elementary,840,839,,1,,,,,,,,
  Dixie Canyon Community Charter,906,892,,14,,,,,,,,
  Dolores Huerta Elementary,727,721,,6,,,,,,,,
  Dolores Street Elementary,825,832,,-7,,,,,,,,
  Dominguez Elementary,798,789,,9,,,,,,,,
  Dorris Place Elementary,872,884,,-12,,,,,,,,
  Downtown Value,837,815,,22,,,,,,,,
"  Dr. Lawrence H. Moore Math, Science, Tec",673,B,,B,,,,,,,,
  Dr. Owen Lloyd Knox Elementary,718,720,,-2,,,,,,,,
"  Dr. Theo. T. Alexander Jr., Science Cent",766,776,,-10,,,,,,,,
  Dyer Street Elementary,817,818,,-1,,,,,,,,
  Eagle Rock Elementary,887,875,,12,,,,,,,,
  Eastman Avenue Elementary,743,742,,1,,,,,,,,
  El Dorado Avenue Elementary,724,778,,-54,,,,,,,,
  El Oro Way Charter For Enriched Studies,900,900,,0,,,,,,,,
  El Sereno Elementary,832,810,,22,,,,,,,,
  Ellen Ochoa Learning Center,720,714,,6,,,,,,,,
  Elysian Heights Elementary,820,824,,-4,,,,,,,,
  Emelita Street Elementary,825,827,,-2,,,,,,,,
  Enadia Technology Enriched Charter,855,861,,-6,,,,,,,,
  Encino Charter Elementary,942,950,,-8,,,,,,,,
  Equitas Academy Charter,894,868,,26,,,,,,,,
  Erwin Elementary,798,797,,1,,,,,,,,
  Eshelman Avenue Elementary,824,842,,-18,,,,,,,,
  Esperanza Elementary,675,699,,-24,,,,,,,,
  Estrella Elementary,733,725,,8,,,,,,,,
  Euclid Avenue Elementary,697,728,,-31,,,,,,,,
  Evergreen Avenue Elementary,749,758,,-9,,,,,,,,
  Extera Public,802,745*,,57,,,,,,,,
  Fair Avenue Elementary,825,812,,13,,,,,,,,
  Fairburn Avenue Elementary,941,976,,-35,,,,,,,,
  Farmdale Elementary,701,724,,-23,,,,,,,,
  Fenton Avenue Charter,808,815,,-7,,,,,,,,
  Fenton Primary Center,832,B,,B,,,,,,,,
  Fernangeles Elementary,730,775,,-45,,,,,,,,
  Fifteenth Street Elementary,817,822,,-5,,,,,,,,
  Fifty-Fourth Street Elementary,729,764,,-35,,,,,,,,
  Fifty-Ninth Street Elementary,709,699,,10,,,,,,,,
  Fifty-Second Street Elementary,698,671,,27,,,,,,,,
  Figueroa Street Elementary,743,755,,-12,,,,,,,,
  First Street Elementary,745,755,,-10,,,,,,,,
  Fishburn Avenue Elementary,782,823,,-41,,,,,,,,
  Fletcher Drive Elementary,747,741,,6,,,,,,,,
  Florence Avenue Elementary,823,800,,23,,,,,,,,
  Florence Griffith Joyner Elementary,618,639,,-21,,,,,,,,
  Ford Boulevard Elementary,778,791,,-13,,,,,,,,
  Forty-Ninth Street Elementary,676,709,,-33,,,,,,,,
  Forty-Second Street Elementary,640,629,,11,,,,,,,,
  Fourth Street Elementary,782,811,,-29,,,,,,,,
  Frank del Olmo Elementary,819,848,,-29,,,,,,,,
  Franklin Avenue Elementary,916,914,,2,,,,,,,,
  Frederick Douglass Academy Elementary,741,730,,11,,,,,,,,
  Fries Avenue Elementary,771,775,,-4,,,,,,,,
  Fullbright Avenue Elementary,831,831,,0,,,,,,,,
  Futuro College Preparatory Elementary,863,908*,,-45,,,,,,,,
  Gabriella Charter,892,892,,0,,,,,,,,
  Garden Grove Elementary,800,798,,2,,,,,,,,
  Gardena Elementary,801,791,,10,,,,,,,,
  Gardner Street Elementary,864,871,,-7,,,,,,,,
  Garr Academy of Math and Entrepreneurial,801,779,,22,,,,,,,,
  Garvanza Elementary,803,835,,-32,,,,,,,,
  Gates Street Elementary,797,792,,5,,,,,,,,
  Gault Street Elementary,763,780,,-17,,,,,,,,
  George De La Torre Jr. Elementary,775,774,,1,,,,,,,,
  Germain Academy For Academic Achievement,866,895,,-29,,,,,,,,
  Glassell Park Elementary,742,749,,-7,,,,,,,,
  Gledhill Street Elementary,829,839,,-10,,,,,,,,
  Glen Alta Elementary,752,739,,13,,,,,,,,
  Glenfeliz Boulevard Elementary,814,834,,-20,,,,,,,,
  Glenwood Elementary,762,774,,-12,,,,,,,,
  Global Education Academy,849,844,,5,,,,,,,,
  Goethe International Charter,921,891,,30,,,,,,,,
  Graham Elementary,701,742,,-41,,,,,,,,
  Granada Elementary,837,829,,8,,,,,,,,
  Grand View Boulevard Elementary,805,775,,30,,,,,,,,
  Grant Elementary,789,783,,6,,,,,,,,
  Grape Street Elementary,709,736,,-27,,,,,,,,
  Gratts Learning Academy for Young Schola,746,751,,-5,,,,,,,,
  Gridley Street Elementary,770,767,,3,,,,,,,,
  Griffin Avenue Elementary,746,753,,-7,,,,,,,,
  Gulf Avenue Elementary,834,828,,6,,,,,,,,
  Haddon Avenue Elementary,779,789,,-10,,,,,,,,
  Halldale Elementary,835,830,,5,,,,,,,,
  Hamlin Charter Academy,865,874,,-9,,,,,,,,
  Hancock Park Elementary,920,913,,7,,,,,,,,
  Harbor City Elementary,819,817,,2,,,,,,,,
  Harding Street Elementary,821,857,,-36,,,,,,,,
  Harmony Elementary,725,723,,2,,,,,,,,
  Harrison Street Elementary,697,705,,-8,,,,,,,,
  Harry Bridges Span,825,B,,B,,,,,,,,
  Hart Street Elementary,703,705,,-2,,,,,,,,
  Harvard Elementary,830,846,,-16,,,,,,,,
  Haskell Elementary,837,834,,3,,,,,,,,
  Hawaiian Avenue Elementary,811,838,,-27,,,,,,,,
  Haynes Charter For Enriched Studies,909,906,,3,,,,,,,,
  Hazeltine Avenue Elementary,759,785,,-26,,,,,,,,
  Heliotrope Avenue Elementary,783,794,,-11,,,,,,,,
  Herrick Avenue Elementary,820,814,,6,,,,,,,,
  Hesby Oaks Leadership Charter,911,911,,0,,,,,,,,
  Hillcrest Drive Elementary,707,692,,15,,,,,,,,
  Hillery T. Broadous Elementary,753,738,,15,,,,,,,,
  Hillside Elementary,722,771,,-49,,,,,,,,
  Hobart Boulevard Elementary,809,821,,-12,,,,,,,,
  Holmes Avenue Elementary,693,709,,-16,,,,,,,,
  Hooper Avenue Elementary,675,696,,-21,,,,,,,,
  Hooper Avenue Primary Center,,,,,,,,,,,,
  Hoover Street Elementary,812,787,,25,,,,,,,,
  Hope Street Elementary,776,771,,5,,,,,,,,
  Hubbard Street Elementary,782,814,,-32,,,,,,,,
  Humphreys Avenue Elementary,752,762,,-10,,,,,,,,
  Huntington Drive Elementary,731,736,,-5,,,,,,,,
  Huntington Park Elementary,785,798,,-13,,,,,,,,
  ICEF Vista Elementary Academy,836,814,,22,,,,,,,,
  Independence Elementary,778,787,,-9,,,,,,,,
  Ivanhoe Elementary,944,950,,-6,,,,,,,,
  Ivy Academia,822,864,,-42,,,,,,,,
  Jaime Escalante Elementary,767,735,,32,,,,,,,,
  John B. Monlux Elementary,828,832,,-4,,,,,,,,
  John W. Mack Elementary,721,738,,-17,,,,,,,,
  Judith F. Baca Arts Academy,679,671,,8,,,,,,,,
  Julie Korenstein Elementary,720,760,,-40,,,,,,,,
  Justice Street Academy Charter,901,894,,7,,,,,,,,
  Kenter Canyon Elementary,960,946,,14,,,,,,,,
  Kentwood Elementary,892,878,,14,,,,,,,,
  Kester Avenue Elementary,913,901,,12,,,,,,,,
  Kingsley Elementary,789,798,,-9,,,,,,,,
  KIPP Empower Academy,991,B,,B,,,,,,,,
  KIPP Raices Academy,970,961,,9,,,,,,,,
  Kittridge Street Elementary,810,811,,-1,,,,,,,,
  Knollwood Preparatory Academy,844,873,,-29,,,,,,,,
  La Salle Avenue Elementary,628,654,,-26,,,,,,,,
  Lafayette Park Primary Center,,,,,,,,,,,,
  Lake Street Primary,,,,,,,,,,,,
  Lanai Road Elementary,951,963,,-12,,,,,,,,
  Langdon Avenue Elementary,722,757,,-35,,,,,,,,
  Lankershim Elementary,798,822,,-24,,,,,,,,
  Larchmont Charter,909,923,,-14,,,,,,,,
  Larchmont Charter-West Hollywood,932,923,,9,,,,,,,,
  Lassen Elementary,784,769,,15,,,,,,,,
  Latona Avenue Elementary,729,746,,-17,,,,,,,,
  Laurel Elementary,756,789,,-33,,,,,,,,
  Leapwood Avenue Elementary,774,783,,-9,,,,,,,,
  Leland Street Elementary,795,818,,-23,,,,,,,,
  Lemay Street Elementary,865,894,,-29,,,,,,,,
  Lenicia B. Weemes Elementary,751,741,,10,,,,,,,,
  Leo Politi Elementary,746,753,,-7,,,,,,,,
  Liberty Boulevard Elementary,781,782,,-1,,,,,,,,
  Liggett Street Elementary,779,780,,-1,,,,,,,,
  Lillian Street Elementary,768,770,,-2,,,,,,,,
  Limerick Avenue Elementary,768,757,,11,,,,,,,,
  Lockhurst Drive Charter Elementary,868,874,,-6,,,,,,,,
  Lockwood Avenue Elementary,782,780,,2,,,,,,,,
  Logan Street Elementary,746,741,,5,,,,,,,,
  Loma Vista Elementary,785,793,,-8,,,,,,,,
  Lomita Math/Science/Technology Magnet,891,895,,-4,,,,,,,,
  Loren Miller Elementary,700,717,,-17,,,,,,,,
  Lorena Street Elementary,731,735,,-4,,,,,,,,
  Loreto Street Elementary,716,755,,-39,,,,,,,,
  Lorne Street Elementary,825,830,,-5,,,,,,,,
  Los Angeles Elementary,788,797,,-9,,,,,,,,
  Los Feliz Charter School for the Arts,835,844,,-9,,,,,,,,
  Los Feliz Elementary,793,813,,-20,,,,,,,,
  Lou Dantzler Preparatory Charter Element,796,793,,3,,,,,,,,
  Lovelia P. Flournoy Elementary,672,708,,-36,,,,,,,,
  Loyola Village Elementary,817,861,,-44,,,,,,,,
  Lucille Roybal-Allard Elementary,714,B,,B,,,,,,,,
  MacArthur Park Elementary School for the,725,B,,B,,,,,,,,
  Madison Elementary,802,836,,-34,,,,,,,,
  Magnolia Avenue Elementary,771,704,,67,,,,,,,,
  Magnolia Science Academy 7,904,906*,,-2,,,,,,,,
  Main Street Elementary,744,740,,4,,,,,,,,
  Malabar Street Elementary,753,763,,-10,,,,,,,,
  Manchester Avenue Elementary,764,782,,-18,,,,,,,,
  Manhattan Place Elementary,731,672,,59,,,,,,,,
  Maple Primary Center,,,,,,,,,,,,
  Mar Vista Elementary,913,921,,-8,,,,,,,,
  Marianna Avenue Elementary,794,795,,-1,,,,,,,,
  Marlton,530,543,,-13,,,,,,,,
  Marquez Avenue Elementary,934,929,,5,,,,,,,,
  Martha Escutia Primary Center,,,,,,,,,,,,
  Martin Luther King Jr. Elementary,716,752,,-36,,,,,,,,
  Marvin Elementary,794,800,,-6,,,,,,,,
  Maurice Sendak Elementary,812,815,,-3,,,,,,,,
  Mayall Street Elementary,860,827,,33,,,,,,,,
  Mayberry Street Elementary,781,768,,13,,,,,,,,
  Maywood Elementary,864,872,,-8,,,,,,,,
  McKinley Avenue Elementary,721,726,,-5,,,,,,,,
  Melrose Avenue Elementary,884,882,,2,,,,,,,,
  Melvin Avenue Elementary,786,765,,21,,,,,,,,
  Menlo Avenue Elementary,753,783,,-30,,,,,,,,
  Meyler Street Elementary,745,743,,2,,,,,,,,
  Micheltorena Street Elementary,741,715,,26,,,,,,,,
  Mid-City's Prescott School of Enriched S,801,819,,-18,,,,,,,,
  Middleton Primary Center,,,,,,,,,,,,
  Middleton Street Elementary,793,763,,30,,,,,,,,
  Milagro Charter,885,894,,-9,,,,,,,,
  Miles Avenue Elementary,768,803,,-35,,,,,,,,
  Miramonte Elementary,708,676,,32,,,,,,,,
  Montague Charter Academy,792,800,,-8,,,,,,,,
  Montara Avenue Elementary,768,747,,21,,,,,,,,
  Monte Vista Street Elementary,748,752,,-4,,,,,,,,
  Morningside Elementary,793,800,,-7,,,,,,,,
  Morris K. Hamasaki Elementary,756,795,,-39,,,,,,,,
  Mountain View Elementary,901,872,,29,,,,,,,,
  Mt. Washington Elementary,908,908,,0,,,,,,,,
  Multicultural Learning Center,791,781,,10,,,,,,,,
  Multnomah Street Elementary,844,834,,10,,,,,,,,
  Murchison Street Elementary,730,732,,-2,,,,,,,,
  N.E.W. Academy Canoga Park,814,829,,-15,,,,,,,,
  N.E.W. Academy of Science and Arts,797,838,,-41,,,,,,,,
  Napa Street Elementary,812,799,,13,,,,,,,,
  Nestle Avenue Charter,886,889,,-3,,,,,,,,
  Nevada Avenue Elementary,811,797,,14,,,,,,,,
  Nevin Avenue Elementary,775,745,,30,,,,,,,,
  New Heights Charter,745,804,,-59,,,,,,,,
  New Open World Academy,728,709,,19,,,,,,,,
  Newcastle Elementary,843,862,,-19,,,,,,,,
  Ninety-Fifth Street Elementary,757,760,,-3,,,,,,,,
  Ninety-Ninth Street Elementary,793,790,,3,,,,,,,,
  Ninety-Second Street Elementary,809,816,,-7,,,,,,,,
  Ninety-Sixth Street Elementary,811,821,,-10,,,,,,,,
  Ninety-Third Street Elementary,695,730,,-35,,,,,,,,
  Noble Avenue Elementary,803,816,,-13,,,,,,,,
  Nora Sterry Elementary,815,801,,14,,,,,,,,
  Normandie Avenue Elementary,740,734,,6,,,,,,,,
  Normont Elementary,767,787,,-20,,,,,,,,
  Norwood Street Elementary,729,729,,0,,,,,,,,
  Nueva Vista Elementary,809,817,,-8,,,,,,,,
  O'Melveny Elementary,794,782,,12,,,,,,,,
  Ocean Charter,780,875,,-95,,,,,,,,
  Olympic Primary Center,,,,,,,,,,,,
  One Hundred Eighteenth Street,774,801,,-27,,,,,,,,
  One Hundred Eighty-Sixth Street Elementa,838,845,,-7,,,,,,,,
  One Hundred Fifty-Sixth Street Elementar,909,908,,1,,,,,,,,
  One Hundred Fifty-Third Street,738,735,,3,,,,,,,,
  One Hundred Ninth Street Elementary,691,732,,-41,,,,,,,,
  One Hundred Seventh Street Elementary,670,699,,-29,,,,,,,,
  One Hundred Sixteenth Street Elementary,752,775,,-23,,,,,,,,
  One Hundred Thirty-Fifth Street Elementa,752,761,,-9,,,,,,,,
  One Hundred Twelfth Street Elementary,642,670,,-28,,,,,,,,
  One Hundred Twenty-Second Street Element,842,817,,25,,,,,,,,
  Open Charter Magnet,917,913,,4,,,,,,,,
  Osceola Street Elementary,787,812,,-25,,,,,,,,
  Our Community Charter,864,870,,-6,,,,,,,,
  Overland Avenue Elementary,946,958,,-12,,,,,,,,
  Oxnard Street Elementary,804,823,,-19,,,,,,,,
  Pacific Boulevard,803,819,,-16,,,,,,,,
  Pacoima Charter Elementary,793,787,,6,,,,,,,,
  Palisades Charter Elementary,953,946,,7,,,,,,,,
  Palms Elementary,816,827,,-11,,,,,,,,
  Panorama City Elementary,683,688,,-5,,,,,,,,
  Para Los Ninos - Evelyn Thurman Gratts P,,,,,,,,,,,,
  Para Los Ninos Charter,796,772,,24,,,,,,,,
  Park Avenue Elementary,773,803,,-30,,,,,,,,
  Park Western Place Elementary,956,947,,9,,,,,,,,
  Parmelee Avenue Elementary,747,745,,2,,,,,,,,
  Parthenia Street Elementary,810,793,,17,,,,,,,,
  Paseo del Rey Fundamental,864,883,,-19,,,,,,,,
  Pinewood Avenue Elementary,784,796,,-12,,,,,,,,
  Plainview Academic Charter Academy,795,776,,19,,,,,,,,
  Playa del Rey Elementary,903,891,,12,,,,,,,,
  Playa Vista Elementary,900,B,,B,,,,,,,,
  Plummer Elementary,811,848,,-37,,,,,,,,
  Point Fermin Elementary,851,852,,-1,,,,,,,,
  Pomelo Community Charter,876,894,,-18,,,,,,,,
  Porter Ranch Community,924,B,,B,,,,,,,,
  President Avenue Elementary,799,811,,-12,,,,,,,,
  Puente Charter,,,,,,,,,,,,
  Purche Avenue Elementary,782,787,,-5,,,,,,,,
  Queen Anne Place Elementary,814,835,,-21,,,,,,,,
  Quincy Jones Elementary,781,730,,51,,,,,,,,
  Ramona Elementary,776,786,,-10,,,,,,,,
  Ranchito Avenue Elementary,808,809,,-1,,,,,,,,
  Raymond Avenue Elementary,702,717,,-15,,,,,,,,
  Reseda Elementary,819,829,,-10,,,,,,,,
  Ricardo Lizarraga Elementary,783,775,,8,,,,,,,,
  Richard Riordan Primary Center,,,,,,,,,,,,
  Richland Avenue Elementary,786,785,,1,,,,,,,,
  Rio Vista Elementary,898,904,,-6,,,,,,,,
  Ritter Elementary,753,762,,-9,,,,,,,,
  Riverside Drive Charter Elementary,866,865,,1,,,,,,,,
  Robert F. Kennedy Elementary,718,742,,-24,,,,,,,,
  Robert Hill Lane Elementary,837,813,,24,,,,,,,,
  Rockdale Elementary,834,849,,-15,,,,,,,,
  Rosa Parks Learning Center,730,732,,-2,,,,,,,,
  Roscoe Elementary,777,789,,-12,,,,,,,,
  Roscomare Road Elementary,968,963,,5,,,,,,,,
  Rosemont Avenue Elementary,745,776,,-31,,,,,,,,
  Rosewood Avenue Elementary,836,833,,3,,,,,,,,
  Rowan Avenue Elementary,797,799,,-2,,,,,,,,
  Russell Elementary,760,749,,11,,,,,,,,
  San Antonio Elementary,792,779,,13,,,,,,,,
  San Fernando Elementary,763,784,,-21,,,,,,,,
  San Gabriel Avenue Elementary,758,763,,-5,,,,,,,,
  San Jose Street Elementary,832,814,,18,,,,,,,,
  San Miguel Elementary,766,777,,-11,,,,,,,,
  San Pascual Avenue Elementary,751,785,,-34,,,,,,,,
  San Pedro Street Elementary,811,815,,-4,,,,,,,,
  Santa Monica Boulevard Community Charter,809,743,,66,,,,,,,,
  Sara Coughlin Elementary,719,744,,-25,,,,,,,,
  Saticoy Elementary,796,805,,-9,,,,,,,,
  Saturn Street Elementary,754,790,,-36,,,,,,,,
  Second Street Elementary,738,747,,-9,,,,,,,,
  Selma Avenue Elementary,791,789,,2,,,,,,,,
  Serrania Avenue Charter For Enriched Stu,879,900,,-21,,,,,,,,
  Seventh Street Elementary,876,879,,-3,,,,,,,,
  Seventy-Fifth Street Elementary,763,760,,3,,,,,,,,
  Seventy-Fourth Street Elementary,847,849,,-2,,,,,,,,
  Sharp Avenue Elementary,800,792,,8,,,,,,,,
  Shenandoah Street Elementary,757,755,,2,,,,,,,,
  Sheridan Street Elementary,732,758,,-26,,,,,,,,
  Sherman Oaks Elementary Charter,880,869,,11,,,,,,,,
  Shirley Avenue Elementary,824,844,,-20,,,,,,,,
  Short Avenue Elementary,836,B,,B,,,,,,,,
  Sierra Park Elementary,738,719,,19,,,,,,,,
  Sierra Vista Elementary,842,863,,-21,,,,,,,,
  Sixth Avenue Elementary,682,693,,-11,,,,,,,,
  Sixty-Eighth Street Elementary,723,733,,-10,,,,,,,,
  Sixty-First Street Elementary,775,766,,9,,,,,,,,
  Sixty-Sixth Street Elementary,739,775,,-36,,,,,,,,
  Solano Avenue Elementary,923,922,,1,,,,,,,,
  Sophia T. Salvin Special Education Cente,793,803,,-10,,,,,,,,
  Soto Street Elementary,763,778,,-15,,,,,,,,
  South Park Elementary,723,759,,-36,,,,,,,,
  South Region Elementary #10,650,B,,B,,,,,,,,
  South Region Elementary #11,698,B,,B,,,,,,,,
  South Shores/CSUDH Visual and Performing,897,893,,4,,,,,,,,
  Stagg Street Elementary,848,839,,9,,,,,,,,
  Stanford Avenue Elementary,761,775,,-14,,,,,,,,
  Stanford Primary Center,,,,,,,,,,,,
  Stanley Mosk Elementary,775,768,,7,,,,,,,,
  State Street Elementary,735,733,,2,,,,,,,,
  Stonehurst Avenue Elementary,817,828,,-11,,,,,,,,
  Stoner Avenue Elementary,810,786,,24,,,,,,,,
  Strathern Street Elementary,791,808,,-17,,,,,,,,
  Sunland Elementary,844,859,,-15,,,,,,,,
  Sunny Brae Avenue Elementary,830,806,,24,,,,,,,,
  Sunrise Elementary,709,712,,-3,,,,,,,,
  Superior Street Elementary,920,919,,1,,,,,,,,
  Sylmar Elementary,776,800,,-24,,,,,,,,
  Sylmar Leadership Academy,831,B,,B,,,,,,,,
  Sylvan Park Elementary,718,723,,-5,,,,,,,,
  Synergy Charter Academy,907,935,,-28,,,,,,,,
  Taper Avenue Elementary,913,922,,-9,,,,,,,,
  Tarzana Elementary,795,791,,4,,,,,,,,
  Telfair Avenue Elementary,724,730,,-6,,,,,,,,
  Tenth Street Elementary,795,758,,37,,,,,,,,
  Teresa Hughes Elementary,746,763,,-17,,,,,,,,
  Third Street Elementary,946,947,,-1,,,,,,,,
  Thirty-Second Street USC Performing Arts,814,806,,8,,,,,,,,
  Toland Way Elementary,791,801,,-10,,,,,,,,
  Toluca Lake Elementary,838,840,,-2,,,,,,,,
  Tom Bradley Global Awareness Magnet,688,666,,22,,,,,,,,
  Topanga Learn-Charter Elementary,951,939,,12,,,,,,,,
  Topeka Charter School For Advanced Studi,916,899,,17,,,,,,,,
  Towne Avenue Elementary,794,849,,-55,,,,,,,,
  Trinity Street Elementary,760,744,,16,,,,,,,,
  Tulsa Street Elementary,847,857,,-10,,,,,,,,
  Tweedy Elementary,803,801,,2,,,,,,,,
  Twentieth Street Elementary,746,779,,-33,,,,,,,,
  Twenty-Eighth Street Elementary,712,735,,-23,,,,,,,,
  Twenty-Fourth Street Elementary,662,665,,-3,,,,,,,,
  Two Hundred Thirty-Second Place,881,869,,12,,,,,,,,
  Union Avenue Elementary,762,762,,0,,,,,,,,
  Utah Street Elementary,758,741,,17,,,,,,,,
  Valerio Street Elementary,755,774,,-19,,,,,,,,
  Valley Alternative Magnet,836,824,,12,,,,,,,,
  Valley Charter Elementary,900,872*,,28,,,,,,,,
  Valley Region Elementary #13,757,B,,B,,,,,,,,
  Valley View Elementary,823,834,,-11,,,,,,,,
  Van Deene Avenue Elementary,796,788,,8,,,,,,,,
  Van Gogh Charter,935,931,,4,,,,,,,,
  Van Ness Avenue Elementary,849,850,,-1,,,,,,,,
  Van Nuys Elementary,740,738,,2,,,,,,,,
  Vanalden Avenue Elementary,850,838,,12,,,,,,,,
  Vaughn Next Century Learning Center,803,809,,-6,,,,,,,,
  Vena Avenue Elementary,890,879,,11,,,,,,,,
  Vermont Avenue Elementary,791,807,,-16,,,,,,,,
  Vernon City Elementary,814,815,,-1,,,,,,,,
  Victoria Avenue Elementary,821,771,,50,,,,,,,,
  Victory Boulevard Elementary,770,790,,-20,,,,,,,,
  View Park Preparatory Accelerated Charte,816,834,,-18,,,,,,,,
  Vine Street Elementary,738,758,,-20,,,,,,,,
  Vinedale Elementary,771,752,,19,,,,,,,,
  Vintage Math/Science/Technology Magnet,915,930,,-15,,,,,,,,
  Virginia Road Elementary,742,734,,8,,,,,,,,
  Vista del Valle Dual Language Academy,779,777,,2,,,,,,,,
  Wadsworth Avenue Elementary,727,712,,15,,,,,,,,
  Walgrove Avenue Elementary,810,810,,0,,,,,,,,
  Walnut Park Elementary,775,805,,-30,,,,,,,,
  Warner Avenue Elementary,961,958,,3,,,,,,,,
  Washington Primary Center,,,,,,,,,,,,
  Watts Learning Center,840,870,,-30,,,,,,,,
  Weigand Avenue Elementary,662,689,,-27,,,,,,,,
  Welby Way Elementary Charter,961,964,,-3,,,,,,,,
  West Athens Elementary,720,717,,3,,,,,,,,
  West Hollywood Elementary,926,932,,-6,,,,,,,,
  West Vernon Avenue Elementary,748,731,,17,,,,,,,,
  Western Avenue Elementary,765,758,,7,,,,,,,,
  Westminster Avenue Elementary,841,B,,B,,,,,,,,
  Westport Heights Elementary,822,843,,-21,,,,,,,,
  Westside Global Awareness Magnet,787,764,,23,,,,,,,,
  Westside Innovative School House,895,838*,,57,,,,,,,,
  Westwood Elementary,946,940,,6,,,,,,,,
  White Point Elementary,895,873,,22,,,,,,,,
  Wilbur Charter For Enriched Academics,914,929,,-15,,,,,,,,
  William R. Anton Elementary,747,763,,-16,,,,,,,,
  Willow Elementary,766,B,,B,,,,,,,,
  Wilmington Park Elementary,815,817,,-2,,,,,,,,
  Wilshire Crest Elementary,776,812,,-36,,,,,,,,
  Wilshire Park Elementary,841,833,,8,,,,,,,,
  Wilton Place Elementary,820,820,,0,,,,,,,,
  Windsor Hills Math Science,796,781,,15,,,,,,,,
  Winnetka Avenue Elementary,819,805,,14,,,,,,,,
  Wisdom Elementary,737,746,,-9,,,,,,,,
  Wonderland Avenue Elementary,973,979,,-6,,,,,,,,
  Woodcrest Elementary,626,646,,-20,,,,,,,,
  Woodlake Elementary Community Charter,878,881,,-3,,,,,,,,
  Woodland Hills Elementary Charter For En,968,960,,8,,,,,,,,
  Woodlawn Avenue Elementary,770,774,,-4,,,,,,,,
  Xinaxcalmecac Academia Semillas del Pueb,617,668,,-51,,,,,,,,
  YES Academy,670,704,,-34,,,,,,,,
  Yorkdale Elementary,798,813,,-15,,,,,,,,
Middle Schools,,,,,,,,,,,,
  Alexander Fleming Middle,771,763,,8,,,,,,,,
  Alfred B. Nobel Charter Middle,901,910,,-9,,,,,,,,
  Alliance Christine O'Donovan Middle Acad,708,720,,-12,,,,,,,,
  Alliance College-Ready Middle Academy No,674,686,,-12,,,,,,,,
  Alliance College-Ready Middle Academy No,761,777,,-16,,,,,,,,
  Alliance College-Ready Middle Academy No,768,768,,0,,,,,,,,
  Alliance Jack H. Skirball Middle,752,752,,0,,,,,,,,
  Alliance Richard Merkin Middle,765,747,,18,,,,,,,,
  Andrew Carnegie Middle,729,737,,-8,,,,,,,,
  Animo Charter Middle No. 3,694,655,,39,,,,,,,,
  Animo Charter Middle No. 4,629,593,,36,,,,,,,,
  Animo Jefferson Charter Middle,729,717,,12,,,,,,,,
  Animo Westside Charter Middle,794,817*,,-23,,,,,,,,
  Aspire Centennial College Preparatory Ac,807,813,,-6,,,,,,,,
  Audubon Middle,696,729,,-33,,,,,,,,
  Barack Obama Global Preparation Academy,620,622,,-2,,,,,,,,
  Belvedere Middle,733,717,,16,,,,,,,,
  Berendo Middle,739,749,,-10,,,,,,,,
  Bert Corona Charter,734,691,,43,,,,,,,,
  Bret Harte Preparatory Middle,656,634,,22,,,,,,,,
  California Academy for Liberal Studies,851,858,,-7,,,,,,,,
  Charles Drew Middle,614,614,,0,,,,,,,,
  Charles Maclay Middle,715,698,,17,,,,,,,,
  Chester W. Nimitz Middle,738,731,,7,,,,,,,,
  Christopher Columbus Middle,698,741,,-43,,,,,,,,
  Community Charter Middle,868,867,,1,,,,,,,,
  Crown Preparatory Academy,776,801,,-25,,,,,,,,
  Daniel Webster Middle,711,726,,-15,,,,,,,,
  David Wark Griffith Middle,724,735,,-11,,,,,,,,
  Dr. Julian Nava Learning Academies-Schoo,690,669,,21,,,,,,,,
  Dr. Julian Nava Learning Academies-Schoo,703,672,,31,,,,,,,,
  Edwin Markham Middle,633,627,,6,,,,,,,,
  El Sereno Middle,733,725,,8,,,,,,,,
  Endeavor College Preparatory Charter,870,877,,-7,,,,,,,,
  Ernest Lawrence Middle,811,819,,-8,,,,,,,,
  Excel Charter Academy,699,776,,-77,,,,,,,,
  Florence Nightingale Middle,757,750,,7,,,,,,,,
  Foshay Learning Center,719,710,,9,,,,,,,,
  Francisco Sepulveda Middle,731,751,,-20,,,,,,,,
  Fred E. Lull Special Education Center,845,845,,0,,,,,,,,
  Frederick Douglass Academy Middle,676,675,,1,,,,,,,,
  Gaspar De Portola Middle,866,864,,2,,,,,,,,
  George Ellery Hale Charter Academy,857,860,,-3,,,,,,,,
  George K. Porter Middle,823,820,,3,,,,,,,,
  George Washington Carver Middle,624,637,,-13,,,,,,,,
  Glenn Hammond Curtiss Middle,707,704,,3,,,,,,,,
  Henry T. Gage Middle,696,688,,8,,,,,,,,
  Hollenbeck Middle,685,673,,12,,,,,,,,
  Horace Mann Junior High,574,597,,-23,,,,,,,,
  Hubert Howe Bancroft Middle,764,764,,0,,,,,,,,
  ICEF Vista Middle Academy,798,779,,19,,,,,,,,
"  Ivy Bound Academy of Math, Science, and",902,911,,-9,,,,,,,,
  James Jordan Middle,792,784,,8,,,,,,,,
  James Madison Middle,738,743,,-5,,,,,,,,
  John A. Sutter Middle,764,735,,29,,,,,,,,
  John Adams Middle,725,742,,-17,,,,,,,,
  John Burroughs Middle,860,888,,-28,,,,,,,,
  John H. Liechty Middle,685,695,,-10,,,,,,,,
  John Muir Middle,687,644,,43,,,,,,,,
"  Johnnie Cochran, Jr., Middle",666,662,,4,,,,,,,,
  Joseph Le Conte Middle,765,735,,30,,,,,,,,
  KIPP Academy of Opportunity,790,823,,-33,,,,,,,,
  KIPP Los Angeles College Preparatory,918,925,,-7,,,,,,,,
  Lakeview Charter Academy,843,855,,-12,,,,,,,,
  Los Angeles Academy Middle,708,695,,13,,,,,,,,
  Lou Dantzler Preparatory Charter Middle,625,643,,-18,,,,,,,,
  Luther Burbank Middle,786,792,,-6,,,,,,,,
  Magnolia Science Academy 2,756,759,,-3,,,,,,,,
  Magnolia Science Academy 3,748,785,,-37,,,,,,,,
  Magnolia Science Academy 5,759,843,,-84,,,,,,,,
  Magnolia Science Academy 6,828,845,,-17,,,,,,,,
  Magnolia Science Academy Bell,763,714,,49,,,,,,,,
  Marina del Rey Middle,743,730,,13,,,,,,,,
  Mark Twain Middle,715,718,,-3,,,,,,,,
  Mary McLeod Bethune Middle,685,685,,0,,,,,,,,
  Monsenor Oscar Romero Charter Middle,763,754,,9,,,,,,,,
  Mt. Gleason Middle,809,778,,31,,,,,,,,
  New Designs Charter School-Watts,654,674,,-20,,,,,,,,
  New Los Angeles Charter,760,742,,18,,,,,,,,
  Northridge Middle,744,769,,-25,,,,,,,,
  Nueva Esperanza Charter Academy,821,813,,8,,,,,,,,
  Olive Vista Middle,739,733,,6,,,,,,,,
  Oliver Wendell Holmes Middle,856,858,,-2,,,,,,,,
  Orchard Academies 2B,712,657,,55,,,,,,,,
  Orchard Academies 2C,643,637,,6,,,,,,,,
  Orville Wright Middle,737,775,,-38,,,,,,,,
  Pacoima Middle,734,726,,8,,,,,,,,
  Palms Middle,879,881,,-2,,,,,,,,
  Patrick Henry Middle,811,814,,-3,,,,,,,,
  Paul Revere Middle,903,904,,-1,,,,,,,,
  Pio Pico Middle,743,756,,-13,,,,,,,,
  Ralph Waldo Emerson Middle,728,765,,-37,,,,,,,,
  Richard E. Byrd Middle,746,746,,0,,,,,,,,
  Richard Henry Dana Middle,753,733,,20,,,,,,,,
  Robert A. Millikan Middle,875,892,,-17,,,,,,,,
  Robert E. Peary Middle,720,724,,-4,,,,,,,,
  Robert Frost Middle,875,866,,9,,,,,,,,
  Robert Louis Stevenson Middle,696,679,,17,,,,,,,,
  Roy Romer Middle,735,745,,-10,,,,,,,,
  Rudecinda Sepulveda Dodson Middle,855,853,,2,,,,,,,,
  Sal Castro Middle,692,697,,-5,,,,,,,,
  Samuel Gompers Middle,607,570,,37,,,,,,,,
  San Fernando Institute of Applied Media,706,B,,B,,,,,,,,
  San Fernando Middle,698,709,,-11,,,,,,,,
  Santa Rosa Charter Academy,787,761,,26,,,,,,,,
  South Gate Middle,722,724,,-2,,,,,,,,
  Southeast Middle,690,683,,7,,,,,,,,
  Stella Middle Charter Academy,760,811,,-51,,,,,,,,
  Stephen M. White Middle,751,764,,-13,,,,,,,,
  Sun Valley Middle,667,673,,-6,,,,,,,,
  Synergy Kinetic Academy,784,804,,-20,,,,,,,,
  TEACH Academy of Technologies,733,732,,1,,,,,,,,
  Thomas A. Edison Middle,716,703,,13,,,,,,,,
  Thomas Starr King Middle,843,805,,38,,,,,,,,
  Thurgood Marshall Charter Middle,641,683,,-42,,,,,,,,
  Triumph Academy,838,828,,10,,,,,,,,
  Valley Charter Middle,742,776*,,-34,,,,,,,,
  Valor Academy Charter,879,885,,-6,,,,,,,,
  Van Nuys Middle,742,751,,-9,,,,,,,,
  View Park Preparatory Accelerated Charte,784,776,,8,,,,,,,,
  Virgil Middle,745,734,,11,,,,,,,,
  Vista Charter Middle,752,713,,39,,,,,,,,
  Vista Middle,684,699,,-15,,,,,,,,
  Walnut Park Middle A School of Social Ju,649,B,,B,,,,,,,,
"  Walnut Park Middle B Science, Technology",747,B,,B,,,,,,,,
  Walter Reed Middle,851,844,,7,,,,,,,,
  Washington Irving Middle,730,696,,34,,,,,,,,
  Watts Learning Center Charter Middle,621,556,,65,,,,,,,,
  William Jefferson Clinton Middle,673,639,,34,,,,,,,,
  William Mulholland Middle,716,713,,3,,,,,,,,
  Wilmington Middle,778,759,,19,,,,,,,,
  Woodland Hills Academy,789,798,,-9,,,,,,,,
  Young Oak Kim Academy,707,695,,12,,,,,,,,
High Schools,,,,,,,,,,,,
  Abraham Lincoln Senior High,694,686,,8,,,,,,,,
  Academic Leadership Community,658,651,,7,,,,,,,,
  Academies of Education and Empowerment a,697,B,,B,,,,,,,,
  Academy of Environmental & Social Policy,677,651,,26,,,,,,,,
  Academy of Medical & Health Sciences at,633,564,,69,,,,,,,,
  Academy of Medical Arts at Carson High,749,B,,B,,,,,,,,
  Academy of Science and Engineering,644,B,,B,,,,,,,,
  Alain Leroy Locke 3 College Preparatory,531,B,,B,,,,,,,,
  Alexander Hamilton Senior High,742,727,,15,,,,,,,,
  Alliance Cindy and Bill Simon Technology,716,641,,75,,,,,,,,
  Alliance College-Ready Academy High No.,770,748*,,22,,,,,,,,
  Alliance College-Ready Academy High No.,798,765,,33,,,,,,,,
  Alliance Dr. Olga Mohan High,895,883,,12,,,,,,,,
  Alliance Environmental Science and Techn,860,871,,-11,,,,,,,,
  Alliance Gertz-Ressler High,838,838,,0,,,,,,,,
  Alliance Health Services Academy High,717,714,,3,,,,,,,,
  Alliance Huntington Park College-Ready A,815,782,,33,,,,,,,,
  Alliance Judy Ivie Burton Technology Aca,754,738,,16,,,,,,,,
  Alliance Marc & Eva Stern Math and Scien,775,785,,-10,,,,,,,,
  Alliance Media Arts and Entertainment De,694,684,,10,,,,,,,,
  Alliance Renee and Meyer Luskin Academy,721,B,,B,,,,,,,,
  Alliance Susan and Eric Smidt Technology,707,B,,B,,,,,,,,
  Alliance Tennenbaum Family Technology Hi,694,629,,65,,,,,,,,
  Alliance William and Carol Ouchi Academy,772,773,,-1,,,,,,,,
  Alphonso B. Perez Special Education Cent,857,816,,41,,,,,,,,
  Ambassador School of Global Leadership,648,655,,-7,,,,,,,,
  Animo College Preparatory Academy,637,528,,109,,,,,,,,
  Animo Jackie Robinson High,753,775,,-22,,,,,,,,
  Animo Locke 1 College Preparatory Academ,681,675,,6,,,,,,,,
  Animo Locke II College Preparatory Acade,564,541,,23,,,,,,,,
  Animo Locke Technology High,606,611,,-5,,,,,,,,
  Animo Oscar De La Hoya Charter High,738,744,,-6,,,,,,,,
  Animo Pat Brown,799,795,,4,,,,,,,,
  Animo Ralph Bunche High,712,691,,21,,,,,,,,
  Animo South Los Angeles Charter,697,710,,-13,,,,,,,,
  Animo Venice Charter High,765,785,,-20,,,,,,,,
  Animo Watts College Preparatory Academy,634,616,,18,,,,,,,,
  APEX Academy,629,597,,32,,,,,,,,
  Arleta High,718,689,,29,,,,,,,,
  ARTLAB at Sonia Sotomayor Learning Acade,633,650,,-17,,,,,,,,
  Aspire Pacific Academy,741,737,,4,,,,,,,,
  Augustus F. Hawkins High A Critical Desi,520,B,,B,,,,,,,,
  Augustus F. Hawkins High B Community Hea,488,B,,B,,,,,,,,
  Augustus F. Hawkins High C Responsible I,482,B,,B,,,,,,,,
  Bell Senior High,706,690,,16,,,,,,,,
  Belmont Senior High,671,645,,26,,,,,,,,
  Benjamin Banneker Special Education Cent,845,822,,23,,,,,,,,
  Benjamin Franklin Senior High,713,692,,21,,,,,,,,
  Birmingham Community Charter High,734,722,,12,,,,,,,,
  Bright Star Secondary Charter Academy,807,827,,-20,,,,,,,,
  CA Academy for Liberal Studies Early Col,794,787,,7,,,,,,,,
  Camino Nuevo Charter High,792,802,,-10,,,,,,,,
  Canoga Park Senior High,694,696,,-2,,,,,,,,
  Carson Senior High,677,689,,-12,,,,,,,,
  Central City Value,767,738,,29,,,,,,,,
  Cesar E. Chavez Learning Academies-Acade,691,648,,43,,,,,,,,
"  Cesar E. Chavez Learning Academies-Arts,",619,632,,-13,,,,,,,,
  Cesar E. Chavez Learning Academies-Socia,708,727,,-19,,,,,,,,
  Cesar E. Chavez Learning Academies-Teach,618,577,,41,,,,,,,,
  CHAMPS - Charter HS of Arts-Multimedia &,793,798,,-5,,,,,,,,
  Chatsworth Senior High,717,718,,-1,,,,,,,,
  CIVITAS School of Leadership,606,585,,21,,,,,,,,
  Communication and Technology at Diego Ri,563,507,,56,,,,,,,,
  Community Charter Early College High,841,838,,3,,,,,,,,
  Crenshaw Arts-Technology Charter High,664,703,,-39,,,,,,,,
  Crenshaw Senior High,550,566,,-16,,,,,,,,
  Daniel Pearl Journalism & Communications,810,823,,-13,,,,,,,,
  David Starr Jordan Senior High,615,609,,6,,,,,,,,
  Discovery Charter Preparatory No. 2,713,767,,-54,,,,,,,,
  Downtown Business High,827,815,,12,,,,,,,,
  Eagle Rock High,776,773,,3,,,,,,,,
  Early College Academy for Leaders and Sc,724,675,,49,,,,,,,,
  East Los Angeles Performing Arts Academy,641,620,,21,,,,,,,,
  East Los Angeles Renaissance Academy at,653,644,,9,,,,,,,,
  East Valley Senior High,626,620,,6,,,,,,,,
  Edward R. Roybal Learning Center,664,641,,23,,,,,,,,
  El Camino Real Charter High,834,838,,-4,,,,,,,,
  Elizabeth Learning Center,720,724,,-4,,,,,,,,
  Engineering and Technology Academy at Es,642,637,,5,,,,,,,,
  Ernest P. Willenberg Special Education C,776,773,,3,,,,,,,,
  Fairfax Senior High,762,741,,21,,,,,,,,
  Francisco Bravo Medical Magnet High,847,842,,5,,,,,,,,
  Frank Lanterman,862,912*,,-50,,,,,,,,
  Frederick Douglass Academy High,635,645,,-10,,,,,,,,
  Gardena Senior High,641,633,,8,,,,,,,,
  George Washington Preparatory High,590,580,,10,,,,,,,,
  Granada Hills Charter High,885,877,,8,,,,,,,,
  Green Design at Diego Rivera Learning Co,580,558,,22,,,,,,,,
  Grover Cleveland High,808,789,,19,,,,,,,,
  Harbor Teacher Preparation Academy,921,934,,-13,,,,,,,,
  Helen Bernstein High,637,604,,33,,,,,,,,
  High Tech LA,865,853,,12,,,,,,,,
  Hilda L. Solis Learning Academy School o,604,B,,B,,,,,,,,
  Hollywood Senior High,762,753,,9,,,,,,,,
  Humanitas Academy of Art and Technology,577,594,,-17,,,,,,,,
  Humanitas Art School at Roosevelt High,629,563,,66,,,,,,,,
  Huntington Park Senior High,673,651,,22,,,,,,,,
  International Studies Learning Center at,758,731,,27,,,,,,,,
  James A. Garfield Senior High,714,710,,4,,,,,,,,
  James Monroe High,689,692,,-3,,,,,,,,
  John C. Fremont Senior High,623,582,,41,,,,,,,,
  John F. Kennedy High,723,713,,10,,,,,,,,
  John H. Francis Polytechnic,753,746,,7,,,,,,,,
  John Marshall Senior High,758,738,,20,,,,,,,,
  King/Drew Medical Magnet High,798,781,,17,,,,,,,,
  Lakeview Charter High,777,815,,-38,,,,,,,,
  Leadership in Entertainment and Media Ar,530,B,,B,,,,,,,,
  Linda Esperanza Marquez High A Huntingto,662,B,,B,,,,,,,,
  Linda Esperanza Marquez High B LIBRA Aca,752,B,,B,,,,,,,,
  Linda Esperanza Marquez High C School of,682,B,,B,,,,,,,,
  Los Angeles Academy of Arts & Enterprise,701,642,,59,,,,,,,,
  Los Angeles Center for Enriched Studies,897,908,,-11,,,,,,,,
  Los Angeles High School of the Arts (LAH,705,732,,-27,,,,,,,,
  Los Angeles Leadership Academy,699,709,,-10,,,,,,,,
  Los Angeles River at Sonia Sotomayor Lea,659,650,,9,,,,,,,,
  Los Angeles School of Global Studies,650,656,,-6,,,,,,,,
  Los Angeles Senior High,644,647,,-3,,,,,,,,
  Los Angeles Teachers Preparatory Academy,609,603,,6,,,,,,,,
  Lou Dantzler Preparatory Charter High,630,614,,16,,,,,,,,
  Magnolia Science Academy,797,805,,-8,,,,,,,,
  Magnolia Science Academy 4,761,767,,-6,,,,,,,,
  Manual Arts Senior High,627,593,,34,,,,,,,,
"  Math, Science, & Technology Magnet Acade",803,732,,71,,,,,,,,
  Maywood Academy High,705,668,,37,,,,,,,,
  Middle College High,807,801,,6,,,,,,,,
  Miguel Contreras Learning Complex,678,650,,28,,,,,,,,
  Nathaniel Narbonne Senior High,711,692,,19,,,,,,,,
  New Designs Charter,783,751,,32,,,,,,,,
  New Millennium Secondary,647,670,,-23,,,,,,,,
  North Hollywood Senior High,778,770,,8,,,,,,,,
  North Valley Charter Academy,744,750,,-6,,,,,,,,
  Northridge Academy High,764,744,,20,,,,,,,,
  Orthopaedic Hospital,786,780,,6,,,,,,,,
  Palisades Charter High,861,853,,8,,,,,,,,
  Panorama High,681,681,,0,,,,,,,,
  Performing Arts Community at Diego River,596,529,,67,,,,,,,,
  Phineas Banning Senior High,665,684,,-19,,,,,,,,
  Port of Los Angeles High,834,840,,-6,,,,,,,,
  Public Service Community at Diego Rivera,603,585,,18,,,,,,,,
  Ramon C. Cortines School of Visual and P,737,733,,4,,,,,,,,
  Rancho Dominguez Preparatory,673,681,,-8,,,,,,,,
  Renaissance Arts Academy,897,906,,-9,,,,,,,,
  Reseda Senior High,748,752,,-4,,,,,,,,
  Robert Fulton College Preparatory,657,648,,9,,,,,,,,
  San Fernando Senior High,671,676,,-5,,,,,,,,
  San Pedro Senior High,718,715,,3,,,,,,,,
  Santee Education Complex,636,612,,24,,,,,,,,
  School for the Visual Arts and Humanitie,685,690,,-5,,,,,,,,
"  School of Communications, New Media and",601,544,,57,,,,,,,,
  School of Engineering and Technology,652,607,,45,,,,,,,,
  School of History and Dramatic Arts at S,755,720,,35,,,,,,,,
  School of Law & Government at Roosevelt,638,573,,65,,,,,,,,
  School of Math and Science,690,614,,76,,,,,,,,
"  School of Science, Technology, Engineeri",736,670,,66,,,,,,,,
"  Science, Technology, Engineering, and Me",687,B,,B,,,,,,,,
"  Science, Technology, Engineering, Arts a",601,B,,B,,,,,,,,
  Sherman Oaks Center for Enriched Studies,892,895,,-3,,,,,,,,
  Social Justice Leadership Academy at Est,594,578,,16,,,,,,,,
  Social Justice Schools: Fine Arts Academ,578,525,,53,,,,,,,,
  Social Justice Schools: Global Issues Ac,585,523,,62,,,,,,,,
  South East High,689,678,,11,,,,,,,,
  South Gate Senior High,709,693,,16,,,,,,,,
"  South Region High #12A Technology, Arts",546,B,,B,,,,,,,,
  South Region High #12B Academy for Multi,547,B,,B,,,,,,,,
  Student Empowerment Academy,718,704,,14,,,,,,,,
  Sun Valley High,583,589,,-6,,,,,,,,
  Susan Miller Dorsey Senior High,611,625,,-14,,,,,,,,
  Sylmar Senior High,709,677,,32,,,,,,,,
  Synergy Quantum Academy,731,663,,68,,,,,,,,
  Thomas Jefferson Senior High,601,589,,12,,,,,,,,
  Triumph Charter High,,,,,,,,,,,,
  UCLA Community,680,697,,-17,,,,,,,,
  Ulysses S. Grant Senior High,705,706,,-1,,,,,,,,
  University Senior High,747,750,,-3,,,,,,,,
  USC Hybrid High,688,B,,B,,,,,,,,
  Valley Academy of Arts and Sciences,724,686,,38,,,,,,,,
  Van Nuys Senior High,767,762,,5,,,,,,,,
  Venice Senior High,741,718,,23,,,,,,,,
  Verdugo Hills Senior High,747,747,,0,,,,,,,,
  View Park Preparatory Accelerated High,690,701,,-11,,,,,,,,
  Visual and Performing Arts at Legacy Hig,575,B,,B,,,,,,,,
  Wallis Annenberg High,737,742,,-5,,,,,,,,
  WESM Health/Sports Medicine,704,702,,2,,,,,,,,
  West Adams Preparatory High,647,632,,15,,,,,,,,
  William Howard Taft Senior High,786,791,,-5,,,,,,,,
  Woodrow Wilson Senior High,653,648,,5,,,,,,,,
Small Schools,,,,,,,,,,,,
  Amanecer Primary Center,782*,846*,,-64,,,,,,,,
  Anahuacalmecac International University,689*,683*,,6,,,,,,,,
  Ann Street Elementary,814*,780,,34,,,,,,,,
  Berenece Carlson Home Hospital,595*,557,,38,,,,,,,,
  Celerity Cardinal Charter,893*,863*,,30,,,,,,,,
  Charles Leroy Lowman Special Education C,729*,690,,39,,,,,,,,
  CHIME Charter Middle,815*,795,,20,,,,,,,,
  Citizens of the World 2,809*,B,,B,,,,,,,,
  Diane S. Leichman Special Education Cent,919*,867*,,52,,,,,,,,
  Dorothy V. Johnson Community Day,562*,458*,,104,,,,,,,,
  Dr. James Edward Jones Primary Center,765*,770*,,-5,,,,,,,,
  Frances Blend Special Education Center,870*,809*,,61,,,,,,,,
  Garza (Carmen Lomas) Primary Center,889*,828*,,61,,,,,,,,
  Hollywood Primary Center,730*,778*,,-48,,,,,,,,
  Jack London Community Day,459*,396*,,63,,,,,,,,
  James J. McBride Special Education Cente,719*,802*,,-83,,,,,,,,
  Joaquin Miller Career and Transition Cen,874*,809*,,65,,,,,,,,
  Joseph Pomeroy Widney High,804*,718*,,86,,,,,,,,
  KIPP Comienza Community Prep,978*,B,,B,,,,,,,,
  KIPP Philosophers Academy,714*,B,,B,,,,,,,,
  KIPP Scholar Academy,777*,B,,B,,,,,,,,
  Lexington Avenue Primary Center,801*,787*,,14,,,,,,,,
  Los Angeles Big Picture High,674*,675*,,-1,,,,,,,,
  Los Angeles Leadership Primary Academy,761*,B,,B,,,,,,,,
  Mariposa-Nabi Primary Center,789*,810*,,-21,,,,,,,,
  Para Los Ninos Middle,803*,795*,,8,,,,,,,,
  Primary Academy for Success,827*,778*,,49,,,,,,,,
  Rise Kohyang Middle,866*,B,,B,,,,,,,,
  Sven Lokrantz Special Education Center,784*,749*,,35,,,,,,,,
ASAM Schools,,,,,,,,,,,,
  Aggeler Community Day,,,,,,,,,,,,
  Albert Einstein Continuation,553*,554*,,-1,,,,,,,,
  Amelia Earhart Continuation,513*,524*,,-11,,,,,,,,
  Angel's Gate (Continuation),570*,682*,,-112,,,,,,,,
  Avalon High,634*,641*,,-7,,,,,,,,
  Boyle Heights Continuation,527*,415*,,112,,,,,,,,
  Cal Burke High,591*,623*,,-32,,,,,,,,
  CDS Elementary,,,,,,,,,,,,
  CDS Secondary,406*,383*,,23,,,,,,,,
  Central High,400,427,,-27,,,,,,,,
  Cheviot Hills Continuation,538*,584*,,-46,,,,,,,,
  City of Angels,618,630,,-12,,,,,,,,
  Eagle Tree Continuation,479*,531*,,-52,,,,,,,,
  Ellington (Duke) High (Continuation),469*,498*,,-29,,,,,,,,
  Evergreen Continuation,443*,378*,,65,,,,,,,,
  Frida Kahlo High,643*,617*,,26,,,,,,,,
  George S. Patton Continuation,588*,B,,B,,,,,,,,
  Harold McAlister High (Opportunity),495*,554*,,-59,,,,,,,,
  Harris Newmark Continuation,486*,477*,,9,,,,,,,,
  Henry David Thoreau Continuation,650*,616*,,34,,,,,,,,
  Highland Park Continuation,594*,573*,,21,,,,,,,,
  Independence Continuation,436*,566*,,-130,,,,,,,,
  Jack London Continuation,509*,528*,,-19,,,,,,,,
  Jane Addams Continuation,593*,550*,,43,,,,,,,,
  John Hope Continuation,562*,517*,,45,,,,,,,,
  John R. Wooden High,533*,533*,,0,,,,,,,,
  Los Angeles Unified Alternative Educatio,,,,,,,,,,,,
  Metropolitan Continuation,659*,712*,,-53,,,,,,,,
  Miguel Leonis Continuation,,,,,,,,,,,,
  Mission Continuation,546*,462*,,84,,,,,,,,
  Moneta Continuation,650*,682*,,-32,,,,,,,,
  Monterey Continuation,577*,650*,,-73,,,,,,,,
  Mt. Lukens Continuation,661*,622*,,39,,,,,,,,
  New Village Charter High,555*,551*,,4,,,,,,,,
  Odyssey Continuation,615*,544*,,71,,,,,,,,
  Owensmouth Continuation,589*,534*,,55,,,,,,,,
  Phoenix Continuation,621*,694*,,-73,,,,,,,,
  Pueblo de Los Angeles Continuation,423*,488*,,-65,,,,,,,,
  Ramona Opportunity High,459*,548*,,-89,,,,,,,,
  Richard A. Alonzo Community Day,576*,531*,,45,,,,,,,,
  Robert H. Lewis Continuation,464*,437*,,27,,,,,,,,
  San Antonio Continuation,563*,505*,,58,,,,,,,,
  Simon Rodia Continuation,410*,409*,,1,,,,,,,,
  Stoney Point Continuation,442*,544*,,-102,,,,,,,,
  Thomas Riley High,533*,487*,,46,,,,,,,,
  Tri-C Community Day,391*,387*,,4,,,,,,,,
  View Park Continuation,483*,559*,,-76,,,,,,,,
  West Hollywood Opportunity,617*,629*,,-12,,,,,,,,
  Whitman Continuation,623*,593*,,30,,,,,,,,
  Whitney Young Continuation,616*,570*,,46,,,,,,,,
  Will Rogers Continuation,428*,456*,,-28,,,,,,,,
  William J. Johnston Community Day,514*,512*,,2,,,,,,,,
  William Tell Aggeler Opportunity High,599*,B,,B,,,,,,,,
  Youth Opportunities Unlimited,544*,501,,43,,,,,,,,
  Zane Grey Continuation,424*,460*,,-36,,,,,,,,